Test,p-value,Pass
Monobit,0.74896833055336,True
Block Frequency,0.9213452195818375,True
Runs,0.8368708837379266,True
