Test,p-value,Pass
Monobit,0.3472175606772492,True
Block Frequency,0.3074737046330007,True
Runs,0.6504646383749132,True
