Test,p-value,Pass
Monobit,0.8430450637304736,True
Block Frequency,0.5926934555943546,True
Runs,0.09650490105498112,True
