Test,p-value,Pass
Monobit,0.8087801632295997,True
Block Frequency,0.9750475330945446,True
Runs,0.6745282187423361,True
