Test,p-value,Pass
Monobit,0.16635845473888866,True
Block Frequency,0.7677100407601772,True
Runs,0.5208174922686386,True
