Test,p-value,Pass
Monobit,0.34211225261696365,True
Block Frequency,0.8690606976774143,True
Runs,0.6206686305963363,True
