Test,p-value,Pass
Monobit,0.7338565279279439,True
Block Frequency,0.7469192038979054,True
Runs,0.2040434032720203,True
