Test,p-value,Pass
Monobit,0.12700986449488416,True
Block Frequency,0.37947650754382317,True
Runs,0.1562857816703461,True
