Test,p-value,Pass
Monobit,0.8760330212212882,True
Block Frequency,0.29672064186016944,True
Runs,0.4342288645998149,True
