Test,p-value,Pass
Monobit,0.18884620422929543,True
Block Frequency,0.11435431491992112,True
Runs,0.8194333928978913,True
