Test,p-value,Pass
Monobit,0.5713937805168801,True
Block Frequency,0.8754596438959393,True
Runs,0.16041413275847616,True
