Test,p-value,Pass
Monobit,0.42024284910012744,True
Block Frequency,0.4031189134126482,True
Runs,0.06538000693631314,True
