Test,p-value,Pass
Monobit,0.4826791634476263,True
Block Frequency,0.8750954662067777,True
Runs,0.46999132915678243,True
