Test,p-value,Pass
Monobit,0.06489220543170472,True
Block Frequency,0.12413584923320403,True
Runs,0.44689908128725286,True
