Test,p-value,Pass
Monobit,0.9044831479588323,True
Block Frequency,0.6235130692718601,True
Runs,0.0706042553729921,True
