Test,p-value,Pass
Monobit,0.6555972459262265,True
Block Frequency,0.3734219663307012,True
Runs,0.9826066260272517,True
