Test,p-value,Pass
Monobit,0.8414805811217939,True
Block Frequency,0.7233552705707201,True
Runs,0.6297775175931163,True
