Test,p-value,Pass
Monobit,0.690630185747307,True
Block Frequency,0.9789771454025431,True
Runs,0.4652932943020902,True
