Test,p-value,Pass
Monobit,0.4605144491301434,True
Block Frequency,0.9927190528855881,True
Runs,0.5575093551080164,True
