Test,p-value,Pass
Monobit,0.6832736749020851,True
Block Frequency,0.9790287194723212,True
Runs,0.8806332639637342,True
