Test,p-value,Pass
Monobit,0.7535210387653335,True
Block Frequency,0.4984706634845216,True
Runs,0.3987244570790104,True
