Test,p-value,Pass
Monobit,0.7188471335640175,True
Block Frequency,0.8782442997453274,True
Runs,0.8680549434428292,True
