Test,p-value,Pass
Monobit,0.5525121129743185,True
Block Frequency,0.836734229001027,True
Runs,0.4506372241477945,True
