Test,p-value,Pass
Monobit,0.34516964827610375,True
Block Frequency,0.6237987681132134,True
Runs,0.7062542593716294,True
