Test,p-value,Pass
Monobit,0.8367909113052147,True
Block Frequency,0.19429296040912303,True
Runs,0.35655069076889623,True
