Test,p-value,Pass
Monobit,0.8886599903881871,True
Block Frequency,0.9968133723770936,True
Runs,0.42602063421000047,True
