Test,p-value,Pass
Monobit,0.5905770485919802,True
Block Frequency,0.39263437259866907,True
Runs,0.34023003559409803,True
