Test,p-value,Pass
Monobit,0.49397516579557377,True
Block Frequency,0.04090442035378905,True
Runs,0.6223884772412738,True
