Test,p-value,Pass
Monobit,0.2774789922454386,True
Block Frequency,0.38023551472434136,True
Runs,0.07300127563757144,True
