Test,p-value,Pass
Monobit,0.4568764751049754,True
Block Frequency,0.11983847618357703,True
Runs,0.911970345908091,True
