Test,p-value,Pass
Monobit,0.4042809838470435,True
Block Frequency,0.027973127071315607,True
Runs,0.6460153275452543,True
