Test,p-value,Pass
Monobit,0.18351827130056164,True
Block Frequency,0.26686673463894567,True
Runs,0.40103714096107557,True
