Test,p-value,Pass
Monobit,0.971282358955502,True
Block Frequency,0.4637278282710337,True
Runs,0.6891555618415061,True
