Test,p-value,Pass
Monobit,0.30583527490829276,True
Block Frequency,0.1400838847610775,True
Runs,0.5411669980956539,True
