Test,p-value,Pass
Monobit,0.1633176046449618,True
Block Frequency,0.955356313525815,True
Runs,0.015522729299067551,True
