Test,p-value,Pass
Monobit,0.020232935629720047,True
Block Frequency,0.7352682832792456,True
Runs,0.8300718075531079,True
