Test,p-value,Pass
Monobit,0.726338697648762,True
Block Frequency,0.36197056322420723,True
Runs,0.9313690292734871,True
