Test,p-value,Pass
Monobit,0.49397516579557377,True
Block Frequency,0.9937287076862141,True
Runs,0.04698129548740316,True
