Test,p-value,Pass
Monobit,0.9330564317698264,True
Block Frequency,0.6156791551398347,True
Runs,0.6744906061260354,True
