Test,p-value,Pass
Monobit,0.6016703305846903,True
Block Frequency,0.8759267908474802,True
Runs,0.5793922752442295,True
