Test,p-value,Pass
Monobit,0.5339418680107821,True
Block Frequency,0.44088436179281576,True
Runs,0.8725762720457193,True
