Test,p-value,Pass
Monobit,0.708404316181398,True
Block Frequency,0.08784479807036748,True
Runs,0.5891005204492238,True
