Test,p-value,Pass
Monobit,0.5485062355001471,True
Block Frequency,0.5244963597796638,True
Runs,0.06283451523747849,True
