Test,p-value,Pass
Monobit,0.007767787846915229,False
Block Frequency,0.2956035474870075,True
Runs,0.39360812710565285,True
