Test,p-value,Pass
Monobit,0.6613862834289022,True
Block Frequency,0.32607200447860657,True
Runs,0.06405332502543809,True
