Test,p-value,Pass
Monobit,0.7933214421889863,True
Block Frequency,0.2799243055911337,True
Runs,0.6412646130902294,True
