Test,p-value,Pass
Monobit,0.19223358237279387,True
Block Frequency,0.3852758713137547,True
Runs,0.7491950322583362,True
