Test,p-value,Pass
Monobit,0.20623002695156267,True
Block Frequency,0.41844467555516507,True
Runs,0.840230994750758,True
