Test,p-value,Pass
Monobit,0.5118241242196561,True
Block Frequency,0.5947351719725179,True
Runs,0.27151945927499743,True
