Test,p-value,Pass
Monobit,0.07345391139745265,True
Block Frequency,0.9391640089964641,True
Runs,0.4585682580883198,True
