Test,p-value,Pass
Monobit,0.3964379707320952,True
Block Frequency,0.29021806754367,True
Runs,0.056298160208418394,True
