Test,p-value,Pass
Monobit,0.8540134549221018,True
Block Frequency,0.8223988253416008,True
Runs,0.17831342072465461,True
