Test,p-value,Pass
Monobit,0.6818059475446452,True
Block Frequency,0.4472942381017531,True
Runs,0.5620279174839741,True
