Test,p-value,Pass
Monobit,0.5836919028346976,True
Block Frequency,0.0885544426625683,True
Runs,0.18540319758573742,True
