Test,p-value,Pass
Monobit,0.8134326701745375,True
Block Frequency,0.5763757628697087,True
Runs,0.199161418901042,True
