Test,p-value,Pass
Monobit,0.6628367295706575,True
Block Frequency,0.8756154947055059,True
Runs,0.04840331958695376,True
