Test,p-value,Pass
Monobit,0.13155452701647494,True
Block Frequency,0.717601246019607,True
Runs,0.7537286585909513,True
