Test,p-value,Pass
Monobit,0.4271954313487606,True
Block Frequency,0.08031865976498893,True
Runs,0.6734850465428133,True
