Test,p-value,Pass
Monobit,0.8243138833313567,True
Block Frequency,0.3547145851066931,True
Runs,0.03753004413290559,True
