Test,p-value,Pass
Monobit,0.6326502050386464,True
Block Frequency,0.8497733458399803,True
Runs,0.07471191322063338,True
