Test,p-value,Pass
Monobit,0.7353631877772999,True
Block Frequency,0.237101385432532,True
Runs,0.6526280295321509,True
