Test,p-value,Pass
Monobit,0.066062405309849,True
Block Frequency,0.24977282040708879,True
Runs,0.6152290362172776,True
