Test,p-value,Pass
Monobit,0.6862127191762861,True
Block Frequency,0.2648297105973542,True
Runs,0.19919899669437424,True
