Test,p-value,Pass
Monobit,0.040364430811408836,True
Block Frequency,0.988017945858729,True
Runs,0.1669077496712339,True
