Test,p-value,Pass
Monobit,0.11828798885902266,True
Block Frequency,0.45253186210127144,True
Runs,0.21439777193363152,True
