Test,p-value,Pass
Monobit,0.03734246972230861,True
Block Frequency,0.6464299910172701,True
Runs,0.19098494249667697,True
