Test,p-value,Pass
Monobit,0.615667520979055,True
Block Frequency,0.8462056150147512,True
Runs,0.12411014855514586,True
