Test,p-value,Pass
Monobit,0.05587619405307777,True
Block Frequency,0.09351926409715185,True
Runs,0.49419099700210856,True
