Test,p-value,Pass
Monobit,0.2918829171338445,True
Block Frequency,0.6797922517859145,True
Runs,0.7694371243855893,True
