Test,p-value,Pass
Monobit,0.27133212189276534,True
Block Frequency,0.6678398072144748,True
Runs,0.4834335504091757,True
