Test,p-value,Pass
Monobit,0.9569351642432204,True
Block Frequency,0.07009596613114574,True
Runs,0.32511407774280754,True
