Test,p-value,Pass
Monobit,0.47275728681591545,True
Block Frequency,0.35415863250228374,True
Runs,0.8874871654162277,True
