Test,p-value,Pass
Monobit,0.22322397274504202,True
Block Frequency,0.049354352787978804,True
Runs,0.9461966983689395,True
