Test,p-value,Pass
Monobit,0.4436763021850366,True
Block Frequency,0.35258517210611307,True
Runs,0.11287226281038364,True
