Test,p-value,Pass
Monobit,0.4042809838470435,True
Block Frequency,0.39292189516062337,True
Runs,0.13535724107978436,True
