Test,p-value,Pass
Monobit,0.5686776980926483,True
Block Frequency,0.9033767752245999,True
Runs,0.8699868786241508,True
