Test,p-value,Pass
Monobit,0.47275728681591545,True
Block Frequency,0.9640336199579582,True
Runs,0.005327782997568178,False
