Test,p-value,Pass
Monobit,0.20911597008524474,True
Block Frequency,0.10464594765677335,True
Runs,0.47744150208555036,True
