Test,p-value,Pass
Monobit,0.8243138833313567,True
Block Frequency,0.4145514229758689,True
Runs,0.4838965051857669,True
