Test,p-value,Pass
Monobit,0.6283858691213033,True
Block Frequency,0.21308360295680068,True
Runs,0.10442573245727964,True
