Test,p-value,Pass
Monobit,0.19019583559047826,True
Block Frequency,0.2096412913255546,True
Runs,0.4212322367471143,True
