Test,p-value,Pass
Monobit,0.7672300813961974,True
Block Frequency,0.8943665765464222,True
Runs,0.5002555747637947,True
