Test,p-value,Pass
Monobit,0.35133652543180605,True
Block Frequency,0.5004655058040672,True
Runs,0.2905711307613976,True
