Test,p-value,Pass
Monobit,0.6818059475446452,True
Block Frequency,0.5043556754891092,True
Runs,0.7965366105197954,True
