Test,p-value,Pass
Monobit,0.9984042319422397,True
Block Frequency,0.42488677778406936,True
Runs,0.25262363533848853,True
