Test,p-value,Pass
Monobit,0.4580873355921107,True
Block Frequency,0.8954730297712901,True
Runs,0.45775358043031655,True
