Test,p-value,Pass
Monobit,0.745938034230899,True
Block Frequency,0.8341675024228948,True
Runs,0.06174741277813612,True
