Test,p-value,Pass
Monobit,0.9585286934154394,True
Block Frequency,0.10808749391457896,True
Runs,0.3810315024774552,True
