Test,p-value,Pass
Monobit,0.5727541321423268,True
Block Frequency,0.20992687893403386,True
Runs,0.967839516762077,True
