Test,p-value,Pass
Monobit,0.7718162376022454,True
Block Frequency,0.10676470008027518,True
Runs,0.9347135850824984,True
