Test,p-value,Pass
Monobit,0.09064597362489403,True
Block Frequency,0.07777874651024064,True
Runs,0.725484714893194,True
