Test,p-value,Pass
Monobit,0.8540134549221018,True
Block Frequency,0.4040845728616808,True
Runs,0.08116498328366242,True
