Test,p-value,Pass
Monobit,0.8352289673534978,True
Block Frequency,0.3054659932004407,True
Runs,0.5118519432278846,True
