Test,p-value,Pass
Monobit,0.11273930955884218,True
Block Frequency,0.5008644872364726,True
Runs,0.8363879339391161,True
