Test,p-value,Pass
Monobit,0.283720032139702,True
Block Frequency,0.6925377809315808,True
Runs,0.7543937330475988,True
