Test,p-value,Pass
Monobit,0.026148444243627236,True
Block Frequency,0.9281869530166625,True
Runs,0.312039798265105,True
