Test,p-value,Pass
Monobit,0.008193265615964658,False
Block Frequency,0.18516083490017754,True
Runs,0.28326359407793056,True
