Test,p-value,Pass
Monobit,0.8461758819031635,True
Block Frequency,0.3106280504435728,True
Runs,0.7039174672394415,True
