Test,p-value,Pass
Monobit,0.874456798715483,True
Block Frequency,0.9770342136375452,True
Runs,0.9426217732693104,True
