Test,p-value,Pass
Monobit,0.38868751783244826,True
Block Frequency,0.9131451519556462,True
Runs,0.4995122074029029,True
