Test,p-value,Pass
Monobit,0.26356699336633227,True
Block Frequency,0.6511781130098236,True
Runs,0.36772061836348735,True
