Test,p-value,Pass
Monobit,0.8399167241808074,True
Block Frequency,0.6983456782704445,True
Runs,0.9013475786843513,True
