Test,p-value,Pass
Monobit,0.678874106833102,True
Block Frequency,0.7367494479501001,True
Runs,0.707044273328449,True
