Test,p-value,Pass
Monobit,0.26356699336633227,True
Block Frequency,0.20271695865838033,True
Runs,0.4859586692321196,True
