Test,p-value,Pass
Monobit,0.28732869954369245,True
Block Frequency,0.8115570110700934,True
Runs,0.5872203328051597,True
