Test,p-value,Pass
Monobit,0.6774100032156939,True
Block Frequency,0.5043556754891092,True
Runs,0.21639416427290092,True
