Test,p-value,Pass
Monobit,0.7917799187511751,True
Block Frequency,0.938980125999542,True
Runs,0.07841960364642428,True
