Test,p-value,Pass
Monobit,0.3330443697003409,True
Block Frequency,0.43567002519234543,True
Runs,0.7849014289786093,True
