Test,p-value,Pass
Monobit,0.574116019109665,True
Block Frequency,0.10002384463957475,True
Runs,0.09058566661826661,True
