Test,p-value,Pass
Monobit,0.6326502050386464,True
Block Frequency,0.9925039963116163,True
Runs,0.1895971372061631,True
