Test,p-value,Pass
Monobit,0.9537486285283232,True
Block Frequency,0.095344725108982,True
Runs,0.3011377342588628,True
