Test,p-value,Pass
Monobit,0.8618654622305827,True
Block Frequency,0.1995150574399215,True
Runs,0.9713064992048822,True
