Test,p-value,Pass
Monobit,0.6016703305846903,True
Block Frequency,0.8677652106945132,True
Runs,0.21119990197073601,True
