Test,p-value,Pass
Monobit,0.12750871119174753,True
Block Frequency,0.2830270657959031,True
Runs,0.2662757594197649,True
