Test,p-value,Pass
Monobit,0.21869710485138394,True
Block Frequency,0.6633593430501488,True
Runs,0.5562047926072502,True
