Test,p-value,Pass
Monobit,0.6030635750939324,True
Block Frequency,0.6956237363273797,True
Runs,0.8370020921971251,True
