Test,p-value,Pass
Monobit,0.2040846301496383,True
Block Frequency,0.19600138258350563,True
Runs,0.4339863713057769,True
