Test,p-value,Pass
Monobit,0.5431874738953021,True
Block Frequency,0.9541198321080874,True
Runs,0.5527592396419916,True
