Test,p-value,Pass
Monobit,0.33907223448793766,True
Block Frequency,0.3817549591198087,True
Runs,0.7420904101229181,True
