Test,p-value,Pass
Monobit,0.8430450637304736,True
Block Frequency,0.19593286905304752,True
Runs,0.2774963185205881,True
