Test,p-value,Pass
Monobit,0.37777680726965635,True
Block Frequency,0.74764349801182,True
Runs,0.5466561226599223,True
