Test,p-value,Pass
Monobit,0.7308462860917476,True
Block Frequency,0.9364552737959666,True
Runs,0.5444361282916774,True
