Test,p-value,Pass
Monobit,0.009214275678843776,False
Block Frequency,0.8851136650539677,True
Runs,0.47694543437095815,True
