Test,p-value,Pass
Monobit,0.37561752720491204,True
Block Frequency,0.11521561693556574,True
Runs,0.15249152251266485,True
