Test,p-value,Pass
Monobit,0.3853943326436544,True
Block Frequency,0.5174204564722651,True
Runs,0.6974583414218885,True
