Test,p-value,Pass
Monobit,0.2739549782108859,True
Block Frequency,0.6925377809315808,True
Runs,0.4636779562621719,True
