Test,p-value,Pass
Monobit,0.4065387836561368,True
Block Frequency,0.299651554283508,True
Runs,0.11349214088425104,True
