Test,p-value,Pass
Monobit,0.822757303233927,True
Block Frequency,0.7925423867805569,True
Runs,0.07028799235599786,True
