Test,p-value,Pass
Monobit,0.3020721175030644,True
Block Frequency,0.07593205562865712,True
Runs,0.11853870152243291,True
