Test,p-value,Pass
Monobit,0.394214092054465,True
Block Frequency,0.6719340258694032,True
Runs,0.15136492266361162,True
