Test,p-value,Pass
Monobit,0.6241338988347811,True
Block Frequency,0.2496939834638305,True
Runs,0.2541861713879524,True
