Test,p-value,Pass
Monobit,0.47275728681591545,True
Block Frequency,0.008959328516618369,False
Runs,0.029894484847591156,True
