Test,p-value,Pass
Monobit,0.8681569501722293,True
Block Frequency,0.7955604819073842,True
Runs,0.11003683477787421,True
