Test,p-value,Pass
Monobit,0.6555972459262265,True
Block Frequency,0.30363806500363444,True
Runs,0.2527060458186744,True
