Test,p-value,Pass
Monobit,0.33504592587214943,True
Block Frequency,0.6224649486297834,True
Runs,0.13029726227566812,True
