Test,p-value,Pass
Monobit,0.5471741373956264,True
Block Frequency,0.7781935057614958,True
Runs,0.8084992952574087,True
