Test,p-value,Pass
Monobit,0.1675866448300286,True
Block Frequency,0.9248609725242831,True
Runs,0.6016030776289647,True
