Test,p-value,Pass
Monobit,0.9904256150561558,True
Block Frequency,0.8583953211642114,True
Runs,0.263567054799,True
