Test,p-value,Pass
Monobit,0.2687265193744127,True
Block Frequency,0.05235913190865581,True
Runs,0.3404763851437401,True
