Test,p-value,Pass
Monobit,0.8886599903881871,True
Block Frequency,0.7874548875281471,True
Runs,0.9760826842093632,True
