Test,p-value,Pass
Monobit,0.7444243551287965,True
Block Frequency,0.7042784773349268,True
Runs,0.980937378352169,True
