Test,p-value,Pass
Monobit,0.5878185058832335,True
Block Frequency,0.694655319171306,True
Runs,0.6937978514091606,True
