Test,p-value,Pass
Monobit,0.3853943326436544,True
Block Frequency,0.05193979232210896,True
Runs,0.41178638109314925,True
