Test,p-value,Pass
Monobit,0.7994955580994841,True
Block Frequency,0.5868469043202889,True
Runs,0.5067315767655932,True
