Test,p-value,Pass
Monobit,0.12018441662873067,True
Block Frequency,0.76025993381904,True
Runs,0.09563000094903976,True
