Test,p-value,Pass
Monobit,0.44129989268529923,True
Block Frequency,0.03650268059020449,True
Runs,0.958056249276944,True
