Test,p-value,Pass
Monobit,0.45205105878800667,True
Block Frequency,0.9109994686255527,True
Runs,0.2702156267209269,True
