Test,p-value,Pass
Monobit,0.8430450637304736,True
Block Frequency,0.6525702887515878,True
Runs,0.0018966178110938778,False
