Test,p-value,Pass
Monobit,0.06815207223903257,True
Block Frequency,0.3089614646848905,True
Runs,0.617547883857003,True
