Test,p-value,Pass
Monobit,0.715858009380834,True
Block Frequency,0.10988513005458525,True
Runs,0.24691804792514427,True
