Test,p-value,Pass
Monobit,0.8713058538697886,True
Block Frequency,0.4820233250984486,True
Runs,0.006033157632915205,False
