Test,p-value,Pass
Monobit,0.31537861358803765,True
Block Frequency,0.4098911532963202,True
Runs,0.7136247213718812,True
