Test,p-value,Pass
Monobit,0.9808526087079389,True
Block Frequency,0.15875712045053478,True
Runs,0.8776092813511203,True
