Test,p-value,Pass
Monobit,0.5286945842313552,True
Block Frequency,0.6765498631417276,True
Runs,0.5711238488521002,True
