Test,p-value,Pass
Monobit,0.4167916314932625,True
Block Frequency,0.11095536692619605,True
Runs,0.41602246602068693,True
