Test,p-value,Pass
Monobit,0.7143650755716775,True
Block Frequency,0.8175623525978165,True
Runs,0.2828826596475362,True
