Test,p-value,Pass
Monobit,0.9872343916954323,True
Block Frequency,0.11816904697161164,True
Runs,0.2695932486168333,True
