Test,p-value,Pass
Monobit,0.42836067623307494,True
Block Frequency,0.5679222476104884,True
Runs,0.4552883035593258,True
