Test,p-value,Pass
Monobit,0.27659510753404337,True
Block Frequency,0.361690520196524,True
Runs,0.45858150660427843,True
