Test,p-value,Pass
Monobit,0.30394982769047485,True
Block Frequency,0.48052956637323896,True
Runs,0.9148339386905121,True
