Test,p-value,Pass
Monobit,0.39866940560418573,True
Block Frequency,0.34274200999123833,True
Runs,0.16904197584184255,True
