Test,p-value,Pass
Monobit,0.3964379707320952,True
Block Frequency,0.8572006563280026,True
Runs,0.39461299454524545,True
