Test,p-value,Pass
Monobit,0.07672714072574251,True
Block Frequency,0.6445618740948404,True
Runs,0.0188302544921699,True
