Test,p-value,Pass
Monobit,0.5286945842313552,True
Block Frequency,0.30164178715140594,True
Runs,0.4251006677384218,True
