Test,p-value,Pass
Monobit,0.9044831479588323,True
Block Frequency,0.5435929259531789,True
Runs,0.2444298406969272,True
