Test,p-value,Pass
Monobit,0.3821182537286033,True
Block Frequency,0.3774864057561207,True
Runs,0.020084494595779635,True
