Test,p-value,Pass
Monobit,0.08115908983777226,True
Block Frequency,0.6779024683442554,True
Runs,0.6942879207385263,True
