Test,p-value,Pass
Monobit,0.47152499555850236,True
Block Frequency,0.5148281247370435,True
Runs,0.6931981943048644,True
