Test,p-value,Pass
Monobit,0.8087801632295997,True
Block Frequency,0.08013516845491638,True
Runs,0.6341160811377403,True
