Test,p-value,Pass
Monobit,0.5352577869379661,True
Block Frequency,0.9294649314090676,True
Runs,0.3521719075964094,True
