Test,p-value,Pass
Monobit,0.011869518281590438,True
Block Frequency,0.27104708583342135,True
Runs,0.6568017962220789,True
