Test,p-value,Pass
Monobit,0.3788593095534243,True
Block Frequency,0.4653159031614714,True
Runs,0.49953211226114236,True
