Test,p-value,Pass
Monobit,0.8134326701745375,True
Block Frequency,0.7960609779017969,True
Runs,0.4213647839006044,True
