Test,p-value,Pass
Monobit,0.9984042319422397,True
Block Frequency,0.2600544018205602,True
Runs,0.21869710335160308,True
