Test,p-value,Pass
Monobit,0.6184840421849088,True
Block Frequency,0.7440923103491438,True
Runs,0.9173661420110275,True
