Test,p-value,Pass
Monobit,0.3810300337775978,True
Block Frequency,0.2507989211928921,True
Runs,0.3935299520264065,True
