Test,p-value,Pass
Monobit,0.05213710029510343,True
Block Frequency,0.3574991039802677,True
Runs,0.32795943221126744,True
