Test,p-value,Pass
Monobit,0.16031884956662978,True
Block Frequency,0.7679407931997921,True
Runs,0.045502946408811557,True
