Test,p-value,Pass
Monobit,0.5878185058832335,True
Block Frequency,0.4459123330774615,True
Runs,0.576643690545422,True
