Test,p-value,Pass
Monobit,0.4054089445073994,True
Block Frequency,0.6421282764559193,True
Runs,0.622229831835724,True
