Test,p-value,Pass
Monobit,0.7657031636233709,True
Block Frequency,0.9563779869819029,True
Runs,0.4690111781831454,True
