Test,p-value,Pass
Monobit,0.27483310117962423,True
Block Frequency,0.9908301450552595,True
Runs,0.29982498643429367,True
