Test,p-value,Pass
Monobit,0.33705521493367574,True
Block Frequency,0.7396992404827416,True
Runs,0.7771165389967781,True
