Test,p-value,Pass
Monobit,0.6255498410714154,True
Block Frequency,0.9941771054235276,True
Runs,0.09566591241072282,True
