Test,p-value,Pass
Monobit,0.3260998482117251,True
Block Frequency,0.9892317027819,True
Runs,0.22896206622029003,True
