Test,p-value,Pass
Monobit,0.444867242598907,True
Block Frequency,0.9100562400800518,True
Runs,0.8891211251462006,True
