Test,p-value,Pass
Monobit,0.26442213460624875,True
Block Frequency,0.3917721707304325,True
Runs,0.9368373110885644,True
