Test,p-value,Pass
Monobit,0.24850016892657978,True
Block Frequency,0.006420303876521623,False
Runs,0.5113936695397925,True
