Test,p-value,Pass
Monobit,0.9394190981994868,True
Block Frequency,0.26474839713714376,True
Runs,0.1795941203454139,True
