Test,p-value,Pass
Monobit,0.5182793554110541,True
Block Frequency,0.5174204564722651,True
Runs,0.9438614858957497,True
