Test,p-value,Pass
Monobit,0.46173069778893494,True
Block Frequency,0.5328594385507132,True
Runs,0.2470849091596491,True
