Test,p-value,Pass
Monobit,0.49271310840439764,True
Block Frequency,0.3419189418267556,True
Runs,0.28935851837463233,True
