Test,p-value,Pass
Monobit,0.14539261961001956,True
Block Frequency,0.01711801652105067,True
Runs,0.355547743965403,True
