Test,p-value,Pass
Monobit,0.4065387836561368,True
Block Frequency,0.1561367396612955,True
Runs,0.6783694500121796,True
