Test,p-value,Pass
Monobit,0.07739584886762352,True
Block Frequency,0.566149076313608,True
Runs,0.051280518507589086,True
