Test,p-value,Pass
Monobit,0.5632641192325201,True
Block Frequency,0.38518058106435643,True
Runs,0.7471995330298158,True
