Test,p-value,Pass
Monobit,0.37777680726965635,True
Block Frequency,0.43842334334061267,True
Runs,0.2258099431413101,True
