Test,p-value,Pass
Monobit,0.2909682148625753,True
Block Frequency,0.7343610810242768,True
Runs,0.9640154968228801,True
