Test,p-value,Pass
Monobit,0.74896833055336,True
Block Frequency,0.04005024993017984,True
Runs,0.9522371865024162,True
