Test,p-value,Pass
Monobit,0.9920212873707368,True
Block Frequency,0.190634219852294,True
Runs,0.7024612904318934,True
