Test,p-value,Pass
Monobit,0.8870800056864265,True
Block Frequency,0.222424889578369,True
Runs,0.2395868090475658,True
