Test,p-value,Pass
Monobit,0.03400604529526561,True
Block Frequency,0.1852269829739527,True
Runs,0.15986910818713695,True
