Test,p-value,Pass
Monobit,0.5326275850684048,True
Block Frequency,0.8086816833825207,True
Runs,0.7401831988199973,True
