Test,p-value,Pass
Monobit,0.9187566750848488,True
Block Frequency,0.3399102467598161,True
Runs,0.8165460927057042,True
