Test,p-value,Pass
Monobit,0.6847426004134296,True
Block Frequency,0.8073031951559045,True
Runs,0.15682370313036953,True
