Test,p-value,Pass
Monobit,0.7886993187333966,True
Block Frequency,0.48311894772903724,True
Runs,0.768703004500088,True
