Test,p-value,Pass
Monobit,0.9649044038689005,True
Block Frequency,0.31804342083752823,True
Runs,0.7979523318405564,True
