Test,p-value,Pass
Monobit,0.1675866448300286,True
Block Frequency,0.3738938387427536,True
Runs,0.8273543019788676,True
