Test,p-value,Pass
Monobit,0.5809483532702933,True
Block Frequency,0.7633796530649924,True
Runs,0.7946286832025505,True
