Test,p-value,Pass
Monobit,0.19428733497101935,True
Block Frequency,0.092167336477308,True
Runs,0.7141294312296773,True
