Test,p-value,Pass
Monobit,0.715858009380834,True
Block Frequency,0.6903253146222781,True
Runs,0.34204486927821587,True
