Test,p-value,Pass
Monobit,0.11781756841931862,True
Block Frequency,0.6181681835720358,True
Runs,0.6718904231220315,True
