Test,p-value,Pass
Monobit,0.8634375289983457,True
Block Frequency,0.927628884775101,True
Runs,0.025613003359607388,True
