Test,p-value,Pass
Monobit,0.9044831479588323,True
Block Frequency,0.7244488460789078,True
Runs,0.13155820699372586,True
