Test,p-value,Pass
Monobit,0.1915525575717395,True
Block Frequency,0.8951511776572706,True
Runs,0.7457147674786322,True
