Test,p-value,Pass
Monobit,0.07573291714583337,True
Block Frequency,0.7812560189843437,True
Runs,0.8158805579845215,True
