Test,p-value,Pass
Monobit,0.5795788457346045,True
Block Frequency,0.9548504430238306,True
Runs,0.8131944644282707,True
