Test,p-value,Pass
Monobit,0.05311312784844368,True
Block Frequency,0.9704893449474024,True
Runs,0.7250320056797708,True
