Test,p-value,Pass
Monobit,0.05822500986971951,True
Block Frequency,0.566149076313608,True
Runs,0.2659590041382922,True
