Test,p-value,Pass
Monobit,0.22246487489566924,True
Block Frequency,0.4987698818303917,True
Runs,0.9629024334541915,True
