Test,p-value,Pass
Monobit,0.941010385262194,True
Block Frequency,0.5479580586766423,True
Runs,0.7535168784176245,True
