Test,p-value,Pass
Monobit,0.4532547047537365,True
Block Frequency,0.40524416956728343,True
Runs,0.7388039186647468,True
