Test,p-value,Pass
Monobit,0.5471741373956264,True
Block Frequency,0.930250558654171,True
Runs,0.4097335005489068,True
