Test,p-value,Pass
Monobit,0.5919585504486189,True
Block Frequency,0.7560924933385036,True
Runs,0.04744703136425454,True
