Test,p-value,Pass
Monobit,0.15972412477156994,True
Block Frequency,0.6237035424394186,True
Runs,0.9664801659993724,True
