Test,p-value,Pass
Monobit,0.3134544622320572,True
Block Frequency,0.004712738350816879,False
Runs,0.1354409948167355,True
