Test,p-value,Pass
Monobit,0.08800807959207392,True
Block Frequency,0.7760128364698289,True
Runs,0.5254856250597091,True
