Test,p-value,Pass
Monobit,0.5144011723978489,True
Block Frequency,0.8313844330440701,True
Runs,0.8732159021871415,True
