Test,p-value,Pass
Monobit,0.29371811275179194,True
Block Frequency,0.7107603473948504,True
Runs,0.5047061936140758,True
