Test,p-value,Pass
Monobit,0.17006343781312738,True
Block Frequency,0.9859077918138727,True
Runs,0.5143245088972224,True
