Test,p-value,Pass
Monobit,0.3734658860743453,True
Block Frequency,0.9874721517220257,True
Runs,0.826811866071822,True
