Test,p-value,Pass
Monobit,0.7113824903989066,True
Block Frequency,0.5752962643574597,True
Runs,0.06908502134831167,True
