Test,p-value,Pass
Monobit,0.32807432408413484,True
Block Frequency,0.5934715389916997,True
Runs,0.05273979777205803,True
