Test,p-value,Pass
Monobit,0.08875536826727422,True
Block Frequency,0.21546945528860492,True
Runs,0.5638686162161681,True
