Test,p-value,Pass
Monobit,0.10915560949220565,True
Block Frequency,0.9494035774183524,True
Runs,0.7424828076441525,True
