Test,p-value,Pass
Monobit,0.7733467386671147,True
Block Frequency,0.8052937727982109,True
Runs,0.3820730457426137,True
