Test,p-value,Pass
Monobit,0.664288441052635,True
Block Frequency,0.7888428417636041,True
Runs,0.7427692045600176,True
