Test,p-value,Pass
Monobit,0.5538505883941673,True
Block Frequency,0.6823944707243286,True
Runs,0.05306996925436095,True
