Test,p-value,Pass
Monobit,0.8056822325016398,True
Block Frequency,0.16803227617015712,True
Runs,0.03698409368934412,True
