Test,p-value,Pass
Monobit,0.4568764751049754,True
Block Frequency,0.9883962317864469,True
Runs,0.8551482651785688,True
