Test,p-value,Pass
Monobit,0.3864901617883857,True
Block Frequency,0.20278690882298672,True
Runs,0.19523365130210013,True
