Test,p-value,Pass
Monobit,0.2983399006619629,True
Block Frequency,0.1534282122660975,True
Runs,0.9641723118420359,True
