Test,p-value,Pass
Monobit,0.283720032139702,True
Block Frequency,0.7202314049705761,True
Runs,0.5229195090918619,True
