Test,p-value,Pass
Monobit,0.920344325445942,True
Block Frequency,0.4676991706852404,True
Runs,0.4544541212758667,True
