Test,p-value,Pass
Monobit,0.8697311438109941,True
Block Frequency,0.4944814625846336,True
Runs,0.1719473939202084,True
