Test,p-value,Pass
Monobit,0.47152499555850236,True
Block Frequency,0.725288634833454,True
Runs,0.015037159750593665,True
