Test,p-value,Pass
Monobit,0.40090838652089944,True
Block Frequency,0.08443685199812292,True
Runs,0.8233062627843709,True
