Test,p-value,Pass
Monobit,0.4739913489141433,True
Block Frequency,0.7650086556093116,True
Runs,0.6223567988049548,True
