Test,p-value,Pass
Monobit,0.3380627585590579,True
Block Frequency,0.037554779536187556,True
Runs,0.3295190255940741,True
