Test,p-value,Pass
Monobit,0.18683501798694369,True
Block Frequency,0.9911237600855183,True
Runs,0.4966668337909689,True
