Test,p-value,Pass
Monobit,0.8618654622305827,True
Block Frequency,0.3476044079780799,True
Runs,0.8807884982439524,True
