Test,p-value,Pass
Monobit,0.874456798715483,True
Block Frequency,0.5804924381831366,True
Runs,0.41677729550567877,True
