Test,p-value,Pass
Monobit,0.9664986981184709,True
Block Frequency,0.5483546350938825,True
Runs,0.30583444086741374,True
