Test,p-value,Pass
Monobit,0.7917799187511751,True
Block Frequency,0.29277673755092365,True
Runs,0.179618564571293,True
