Test,p-value,Pass
Monobit,0.27307877447415796,True
Block Frequency,0.3034642368339799,True
Runs,0.3982226269798065,True
