Test,p-value,Pass
Monobit,0.33705521493367574,True
Block Frequency,0.5590442770327504,True
Runs,0.21537411072369173,True
