Test,p-value,Pass
Monobit,0.2610130259451211,True
Block Frequency,0.8945977772098277,True
Runs,0.6695707790624479,True
