Test,p-value,Pass
Monobit,0.10915560949220565,True
Block Frequency,0.2242023810814461,True
Runs,0.44759205727408513,True
