Test,p-value,Pass
Monobit,0.45205105878800667,True
Block Frequency,0.672024782201411,True
Runs,0.15403140954713895,True
