Test,p-value,Pass
Monobit,0.8477422054250221,True
Block Frequency,0.9580694470339668,True
Runs,0.6643151992281002,True
