Test,p-value,Pass
Monobit,0.06065527989546195,True
Block Frequency,0.5228026263958762,True
Runs,0.3900523665761957,True
