Test,p-value,Pass
Monobit,0.6383550175651117,True
Block Frequency,0.012667183508896458,True
Runs,0.4461917558192585,True
