Test,p-value,Pass
Monobit,0.44725458487519887,True
Block Frequency,0.5747072217370331,True
Runs,0.15485840299122974,True
