Test,p-value,Pass
Monobit,0.15972412477156994,True
Block Frequency,0.6452161015021802,True
Runs,0.5274011972707449,True
