Test,p-value,Pass
Monobit,0.8681569501722293,True
Block Frequency,0.39416852606534564,True
Runs,0.8274076365872552,True
