Test,p-value,Pass
Monobit,0.5988882069739063,True
Block Frequency,0.19266153977997494,True
Runs,0.04926659672881924,True
