Test,p-value,Pass
Monobit,0.5836919028346976,True
Block Frequency,0.8960231241487883,True
Runs,0.8762696999474411,True
