Test,p-value,Pass
Monobit,0.8918212809646803,True
Block Frequency,0.7747289506823725,True
Runs,0.3020807732904415,True
