Test,p-value,Pass
Monobit,0.984043372566196,True
Block Frequency,0.5023606945603959,True
Runs,0.6483896904455932,True
