Test,p-value,Pass
Monobit,0.04999579029644087,True
Block Frequency,0.3177772740717852,True
Runs,0.9791309163567758,True
