Test,p-value,Pass
Monobit,0.34211225261696365,True
Block Frequency,0.951257050053482,True
Runs,0.5047094723899033,True
