Test,p-value,Pass
Monobit,0.4342145735906069,True
Block Frequency,0.8885160905131146,True
Runs,0.8216769686310003,True
