Test,p-value,Pass
Monobit,0.002429392038978649,False
Block Frequency,0.47097828655113466,True
Runs,0.31788375712507666,True
