Test,p-value,Pass
Monobit,0.5933415340688375,True
Block Frequency,0.5549904411774103,True
Runs,0.8023667798409297,True
