Test,p-value,Pass
Monobit,0.06460234283425635,True
Block Frequency,0.29183731922393874,True
Runs,0.019460363256966883,True
