Test,p-value,Pass
Monobit,0.5905770485919802,True
Block Frequency,0.6839158350301568,True
Runs,0.793098241168411,True
