Test,p-value,Pass
Monobit,0.8981489730413766,True
Block Frequency,0.8608205706776099,True
Runs,0.6570544241700216,True
