Test,p-value,Pass
Monobit,0.5118241242196561,True
Block Frequency,0.058921688560483514,True
Runs,0.35259373311193865,True
