Test,p-value,Pass
Monobit,0.3360496039354942,True
Block Frequency,0.7880399290122045,True
Runs,0.08669853268658786,True
