Test,p-value,Pass
Monobit,0.6862127191762861,True
Block Frequency,0.5671343276485374,True
Runs,0.7473290096464592,True
