Test,p-value,Pass
Monobit,0.8965664266908777,True
Block Frequency,0.17311614609311538,True
Runs,0.6628489858925457,True
