Test,p-value,Pass
Monobit,0.6213061794852894,True
Block Frequency,0.8555973071816654,True
Runs,0.16445468257249374,True
