Test,p-value,Pass
Monobit,0.04135032573214013,True
Block Frequency,0.7979847001088296,True
Runs,0.5647227955403369,True
