Test,p-value,Pass
Monobit,0.6498288267943485,True
Block Frequency,0.9605832768080964,True
Runs,0.17952908430998893,True
