Test,p-value,Pass
Monobit,0.7626520629506879,True
Block Frequency,0.9758123447137819,True
Runs,0.09770331978778204,True
