Test,p-value,Pass
Monobit,0.7293427147374933,True
Block Frequency,0.23283217797348116,True
Runs,0.053374255251533664,True
