Test,p-value,Pass
Monobit,0.5300039399876912,True
Block Frequency,0.1633514734576423,True
Runs,0.08586845163942988,True
