Test,p-value,Pass
Monobit,0.36176871755979256,True
Block Frequency,0.47296674226741664,True
Runs,0.905408580482442,True
