Test,p-value,Pass
Monobit,0.5015836963199394,True
Block Frequency,0.6438136788591772,True
Runs,0.4792255377221295,True
