Test,p-value,Pass
Monobit,0.11923324812291346,True
Block Frequency,0.9335560233711019,True
Runs,0.01387693495874444,True
