Test,p-value,Pass
Monobit,0.8087801632295997,True
Block Frequency,0.2039782948878747,True
Runs,0.6213475195125606,True
