Test,p-value,Pass
Monobit,0.8041344068024324,True
Block Frequency,0.15607752215750917,True
Runs,0.4425236973782657,True
