Test,p-value,Pass
Monobit,0.6058544092189504,True
Block Frequency,0.1995843345932007,True
Runs,0.784289187846128,True
