Test,p-value,Pass
Monobit,0.5313149413275187,True
Block Frequency,0.5394217668927012,True
Runs,0.7185539954579507,True
