Test,p-value,Pass
Monobit,0.7383795586683547,True
Block Frequency,0.1629246946772556,True
Runs,0.560491498050384,True
