Test,p-value,Pass
Monobit,0.38758789055315856,True
Block Frequency,0.9689145434411996,True
Runs,0.6856636389137696,True
