Test,p-value,Pass
Monobit,0.7323508922586834,True
Block Frequency,0.25572366417971903,True
Runs,0.5003856278857979,True
