Test,p-value,Pass
Monobit,0.7353631877772999,True
Block Frequency,0.06153655239144393,True
Runs,0.8226683893372274,True
