Test,p-value,Pass
Monobit,0.6469524412678207,True
Block Frequency,0.021130457335497326,True
Runs,0.6922597191911994,True
