Test,p-value,Pass
Monobit,0.5836919028346976,True
Block Frequency,0.18828583259164444,True
Runs,0.7186224911000825,True
