Test,p-value,Pass
Monobit,0.2436144454767586,True
Block Frequency,0.4072755500044426,True
Runs,0.26128417096360856,True
