Test,p-value,Pass
Monobit,0.0002812331218298182,False
Block Frequency,0.19813259393188018,True
Runs,0.21824520521091528,True
