Test,p-value,Pass
Monobit,0.8602939424466919,True
Block Frequency,0.023562660359625256,True
Runs,0.9187320855779179,True
