Test,p-value,Pass
Monobit,0.28732869954369245,True
Block Frequency,0.22516859411746235,True
Runs,0.016717135159995632,True
