Test,p-value,Pass
Monobit,0.42836067623307494,True
Block Frequency,0.04777028319796198,True
Runs,0.45968041146098915,True
