Test,p-value,Pass
Monobit,0.05511101114835384,True
Block Frequency,0.6855233789673864,True
Runs,0.264282880418096,True
