Test,p-value,Pass
Monobit,0.15502625094239433,True
Block Frequency,0.4655144566514038,True
Runs,0.1835101091020951,True
