Test,p-value,Pass
Monobit,0.8524447613285455,True
Block Frequency,0.9464777774862606,True
Runs,0.23015276072027868,True
