Test,p-value,Pass
Monobit,0.3048915840656229,True
Block Frequency,0.1755349616932506,True
Runs,0.21462472626496054,True
