Test,p-value,Pass
Monobit,0.6498288267943485,True
Block Frequency,0.4903935492009099,True
Runs,0.7518460163765313,True
