Test,p-value,Pass
Monobit,0.7702866239703174,True
Block Frequency,0.6160623847783543,True
Runs,0.8103963409082144,True
