Test,p-value,Pass
Monobit,0.097721818821173,True
Block Frequency,0.3822301738300909,True
Runs,0.013463621847188027,True
