Test,p-value,Pass
Monobit,0.4580873355921107,True
Block Frequency,0.12347935654666463,True
Runs,0.9589673701032142,True
