Test,p-value,Pass
Monobit,0.37777680726965635,True
Block Frequency,0.9089395931541151,True
Runs,0.32277143110106277,True
