Test,p-value,Pass
Monobit,0.9664986981184709,True
Block Frequency,0.8449439052576664,True
Runs,0.8823413758985599,True
