Test,p-value,Pass
Monobit,0.24442401177211326,True
Block Frequency,0.5411105856344471,True
Runs,0.7667371650718924,True
