Test,p-value,Pass
Monobit,0.7323508922586834,True
Block Frequency,0.7798397988821903,True
Runs,0.7172645956114043,True
