Test,p-value,Pass
Monobit,0.35966689490586123,True
Block Frequency,0.1487357081190563,True
Runs,0.07620179524836852,True
