Test,p-value,Pass
Monobit,0.674485453696499,True
Block Frequency,0.5764738723831196,True
Runs,0.4402188313640574,True
