Test,p-value,Pass
Monobit,0.18351827130056164,True
Block Frequency,0.37068899149858064,True
Runs,0.22695756045004123,True
