Test,p-value,Pass
Monobit,0.8072308199182044,True
Block Frequency,0.5162240581863119,True
Runs,0.09977599686266835,True
