Test,p-value,Pass
Monobit,0.1216222965113954,True
Block Frequency,0.7365850798136437,True
Runs,0.5944506610649476,True
