Test,p-value,Pass
Monobit,0.05460575775199909,True
Block Frequency,0.8571435997950403,True
Runs,0.4738008410832665,True
