Test,p-value,Pass
Monobit,0.19844306167910364,True
Block Frequency,0.33273589374626955,True
Runs,0.16892813831122167,True
