Test,p-value,Pass
Monobit,0.4401144274984198,True
Block Frequency,0.9158024396072556,True
Runs,0.7418501843271161,True
