Test,p-value,Pass
Monobit,0.2356222995239724,True
Block Frequency,0.8332851832463308,True
Runs,0.0643987483726186,True
