Test,p-value,Pass
Monobit,0.551175226718588,True
Block Frequency,0.08725670001215594,True
Runs,0.04972106176281935,True
