Test,p-value,Pass
Monobit,0.5578755148423699,True
Block Frequency,0.7885510771566709,True
Runs,0.2938758566497093,True
