Test,p-value,Pass
Monobit,0.7626520629506879,True
Block Frequency,0.48959606385983384,True
Runs,0.9873071515404088,True
