Test,p-value,Pass
Monobit,0.9219322933687567,True
Block Frequency,0.24937876996671823,True
Runs,0.2992745217100111,True
