Test,p-value,Pass
Monobit,0.15972412477156994,True
Block Frequency,0.2712116958359636,True
Runs,0.2873172532913565,True
