Test,p-value,Pass
Monobit,0.3523710844905159,True
Block Frequency,0.3842280746524809,True
Runs,0.3685802899177978,True
