Test,p-value,Pass
Monobit,0.9792573384519855,True
Block Frequency,0.03650268059020449,True
Runs,0.4295281628045531,True
