Test,p-value,Pass
Monobit,0.043799975790190224,True
Block Frequency,0.6670185935261631,True
Runs,0.1977665093834563,True
