Test,p-value,Pass
Monobit,0.4702944775228829,True
Block Frequency,0.30320357968879436,True
Runs,0.38510877802482246,True
