Test,p-value,Pass
Monobit,0.3659954013892769,True
Block Frequency,0.16952837984559455,True
Runs,0.4934589169567912,True
