Test,p-value,Pass
Monobit,0.33504592587214943,True
Block Frequency,0.8095744909428783,True
Runs,0.1932822433842838,True
