Test,p-value,Pass
Monobit,0.45446015754259106,True
Block Frequency,0.15104074820255262,True
Runs,0.482330061822997,True
