Test,p-value,Pass
Monobit,0.027244273164567036,True
Block Frequency,0.43419639045410374,True
Runs,0.7075663413268352,True
