Test,p-value,Pass
Monobit,0.1776583826055732,True
Block Frequency,0.14600116574332703,True
Runs,0.898004051091835,True
