Test,p-value,Pass
Monobit,0.5195754339933585,True
Block Frequency,0.6128014831649471,True
Runs,0.3867174425894542,True
