Test,p-value,Pass
Monobit,0.060930425114129015,True
Block Frequency,0.4633309094083582,True
Runs,0.9692983923775034,True
