Test,p-value,Pass
Monobit,0.2864236419064179,True
Block Frequency,0.9859902690231719,True
Runs,0.4525700841687488,True
