Test,p-value,Pass
Monobit,0.12601672892795687,True
Block Frequency,0.05304632470441492,True
Runs,0.7874220429929522,True
