Test,p-value,Pass
Monobit,0.7323508922586834,True
Block Frequency,0.07962309127440458,True
Runs,0.9125021261845049,True
