Test,p-value,Pass
Monobit,0.31731050786291415,True
Block Frequency,0.8876964335729536,True
Runs,0.670836364921968,True
