Test,p-value,Pass
Monobit,0.1848396973811809,True
Block Frequency,0.8700801117188998,True
Runs,0.9726843470844585,True
