Test,p-value,Pass
Monobit,0.11970809236756844,True
Block Frequency,0.8978869024531047,True
Runs,0.18966119629704137,True
