Test,p-value,Pass
Monobit,0.6412155005540494,True
Block Frequency,0.12812656009502052,True
Runs,0.8400864599202593,True
