Test,p-value,Pass
Monobit,0.16151331846754224,True
Block Frequency,0.9976628301671149,True
Runs,0.47525104875585533,True
