Test,p-value,Pass
Monobit,0.5988882069739063,True
Block Frequency,0.0782817534613945,True
Runs,0.023928376554042813,True
