Test,p-value,Pass
Monobit,0.0989429360672962,True
Block Frequency,0.12994619078812678,True
Runs,0.01654215204004285,True
