Test,p-value,Pass
Monobit,0.09853455084774342,True
Block Frequency,0.9447389432093037,True
Runs,0.9527362131385221,True
