Test,p-value,Pass
Monobit,0.40880409180753696,True
Block Frequency,0.8045282968703369,True
Runs,0.20742303217324287,True
