Test,p-value,Pass
Monobit,0.2542863011255966,True
Block Frequency,0.6653738238658529,True
Runs,0.021865087843980335,True
