Test,p-value,Pass
Monobit,0.0002834212197516386,False
Block Frequency,0.179852207447765,True
Runs,0.6190596901915875,True
