Test,p-value,Pass
Monobit,0.708404316181398,True
Block Frequency,0.8746261556641906,True
Runs,0.5222634820824286,True
