Test,p-value,Pass
Monobit,0.11319371909749258,True
Block Frequency,0.5638815479106192,True
Runs,0.954154004916201,True
