Test,p-value,Pass
Monobit,0.18884620422929543,True
Block Frequency,0.3366333470168848,True
Runs,0.014038464897524743,True
