Test,p-value,Pass
Monobit,0.2356222995239724,True
Block Frequency,0.9957519189255761,True
Runs,0.5628630071625589,True
