Test,p-value,Pass
Monobit,0.11228633912314488,True
Block Frequency,0.33572533636196733,True
Runs,0.6946720171985441,True
