Test,p-value,Pass
Monobit,0.5471741373956264,True
Block Frequency,0.0077457666980213,False
Runs,0.5460844660325535,True
