Test,p-value,Pass
Monobit,0.8618654622305827,True
Block Frequency,0.0988170554561315,True
Runs,0.4964852777344967,True
