Test,p-value,Pass
Monobit,0.24523546493263348,True
Block Frequency,0.34155338077928576,True
Runs,0.022292118222920935,True
