Test,p-value,Pass
Monobit,0.45205105878800667,True
Block Frequency,0.7757111149622036,True
Runs,0.7615586293281275,True
