Test,p-value,Pass
Monobit,0.44129989268529923,True
Block Frequency,0.2759242946505064,True
Runs,0.23744076072728182,True
