Test,p-value,Pass
Monobit,0.8728810742171343,True
Block Frequency,0.6891721531815603,True
Runs,0.5645978681808637,True
