Test,p-value,Pass
Monobit,0.745938034230899,True
Block Frequency,0.9401072246459868,True
Runs,0.7114606802492693,True
