Test,p-value,Pass
Monobit,0.11875988118958612,True
Block Frequency,0.4819237312410139,True
Runs,0.892163808265361,True
