Test,p-value,Pass
Monobit,0.5195754339933585,True
Block Frequency,0.7303843352977474,True
Runs,0.8795140071217635,True
