Test,p-value,Pass
Monobit,0.8258711547035709,True
Block Frequency,0.646896487438811,True
Runs,0.9617548139543717,True
