Test,p-value,Pass
Monobit,0.6965365469280353,True
Block Frequency,0.8374184959784904,True
Runs,0.7025741438386568,True
