Test,p-value,Pass
Monobit,0.37777680726965635,True
Block Frequency,0.08745240263807517,True
Runs,0.6036056044618918,True
