Test,p-value,Pass
Monobit,0.8041344068024324,True
Block Frequency,0.14279846997800943,True
Runs,0.7217944893790486,True
