Test,p-value,Pass
Monobit,0.8791869356515226,True
Block Frequency,0.28000794266897766,True
Runs,0.28733915489721307,True
