Test,p-value,Pass
Monobit,0.06489220543170472,True
Block Frequency,0.19239046248105118,True
Runs,0.27020263013129353,True
