Test,p-value,Pass
Monobit,0.1963571445911937,True
Block Frequency,0.4712765032528074,True
Runs,0.33621495980466176,True
