Test,p-value,Pass
Monobit,0.0029013598468633473,False
Block Frequency,0.049079126239184284,True
Runs,0.7496246397709907,True
