Test,p-value,Pass
Monobit,0.23091701698377343,True
Block Frequency,0.44423525917477885,True
Runs,0.5257117001651945,True
