Test,p-value,Pass
Monobit,0.6340743779030587,True
Block Frequency,0.6536825907657895,True
Runs,0.8303703346239003,True
