Test,p-value,Pass
Monobit,0.902899018270974,True
Block Frequency,0.8798231694579948,True
Runs,0.7278290016791286,True
