Test,p-value,Pass
Monobit,0.20479795056410588,True
Block Frequency,0.8364225876503838,True
Runs,0.1708086681834009,True
