Test,p-value,Pass
Monobit,0.11595055121647779,True
Block Frequency,0.5688083547393575,True
Runs,0.739532874897675,True
