Test,p-value,Pass
Monobit,0.7429116626234742,True
Block Frequency,0.19538529054964826,True
Runs,0.6936604385545369,True
