Test,p-value,Pass
Monobit,0.14817720181552474,True
Block Frequency,0.6023934366326331,True
Runs,0.8806926391889889,True
