Test,p-value,Pass
Monobit,0.5092538293426723,True
Block Frequency,0.922383191461425,True
Runs,0.3797071644448342,True
