Test,p-value,Pass
Monobit,0.2992700550864056,True
Block Frequency,0.2205085014067028,True
Runs,0.5843251229419145,True
