Test,p-value,Pass
Monobit,0.6832736749020851,True
Block Frequency,0.029141255764832893,True
Runs,0.30685961341019585,True
