Test,p-value,Pass
Monobit,0.3163435928470907,True
Block Frequency,0.17939802107101702,True
Runs,0.7527644538421536,True
