Test,p-value,Pass
Monobit,0.6326502050386464,True
Block Frequency,0.530570646372444,True
Runs,0.793497554327516,True
