Test,p-value,Pass
Monobit,0.255956564302831,True
Block Frequency,0.1815455746404394,True
Runs,0.9420372108025252,True
