Test,p-value,Pass
Monobit,0.08327356244024334,True
Block Frequency,0.615008241210594,True
Runs,0.5022191351022254,True
