Test,p-value,Pass
Monobit,0.45566741503780006,True
Block Frequency,0.12474402624372065,True
Runs,0.3084132878640917,True
