Test,p-value,Pass
Monobit,0.2127643951833057,True
Block Frequency,0.24914250090444118,True
Runs,0.5881262312716019,True
