Test,p-value,Pass
Monobit,0.9394190981994868,True
Block Frequency,0.750210032021062,True
Runs,0.34211518472708013,True
