Test,p-value,Pass
Monobit,0.7218405651808895,True
Block Frequency,0.5499404967272904,True
Runs,0.12704138210190424,True
