Test,p-value,Pass
Monobit,0.2891445993278192,True
Block Frequency,0.9906512321775114,True
Runs,0.7678992087116229,True
