Test,p-value,Pass
Monobit,0.7718162376022454,True
Block Frequency,0.9033767752245999,True
Runs,0.43064747614825327,True
