Test,p-value,Pass
Monobit,0.30678090040957784,True
Block Frequency,0.3647751592722498,True
Runs,0.5124959546303203,True
